source_file,domain,email_user,status,message,raw_response
accounts_99.csv,fallujah.my.id,sellymardiana.669,FAILED,The account sellymardiana.669@fallujah.my.id already exists!,"{""data"":null,""errors"":[""The account sellymardiana.669@fallujah.my.id already exists!""],""warnings"":null,""status"":0,""messages"":null,""metadata"":{}}"
accounts_99.csv,fallujah.my.id,sellypermana.704,FAILED,The account sellypermana.704@fallujah.my.id already exists!,"{""metadata"":{},""messages"":null,""status"":0,""warnings"":null,""errors"":[""The account sellypermana.704@fallujah.my.id already exists!""],""data"":null}"
accounts_99.csv,fallujah.my.id,sellyramadhan.922,FAILED,The account sellyramadhan.922@fallujah.my.id already exists!,"{""warnings"":null,""errors"":[""The account sellyramadhan.922@fallujah.my.id already exists!""],""data"":null,""metadata"":{},""messages"":null,""status"":0}"
accounts_99.csv,fallujah.my.id,sellyramadhan.960,SUCCESS,Email created successfully,"{""status"":1,""messages"":[""""],""metadata"":{},""data"":""sellyramadhan.960+fallujah.my.id"",""errors"":null,""warnings"":null}"
accounts_99.csv,fallujah.my.id,sellysaputra.245,FAILED,The account sellysaputra.245@fallujah.my.id already exists!,"{""warnings"":null,""data"":null,""errors"":[""The account sellysaputra.245@fallujah.my.id already exists!""],""metadata"":{},""status"":0,""messages"":null}"
accounts_99.csv,fallujah.my.id,sellysaputra.396,FAILED,The account sellysaputra.396@fallujah.my.id already exists!,"{""metadata"":{},""status"":0,""messages"":null,""warnings"":null,""data"":null,""errors"":[""The account sellysaputra.396@fallujah.my.id already exists!""]}"
accounts_99.csv,fallujah.my.id,sellysitumorang.852,SUCCESS,Email created successfully,"{""errors"":null,""data"":""sellysitumorang.852+fallujah.my.id"",""warnings"":null,""messages"":[""""],""status"":1,""metadata"":{}}"
accounts_99.csv,fallujah.my.id,sellysubagyo.408,SUCCESS,Email created successfully,"{""messages"":[""""],""status"":1,""metadata"":{},""errors"":null,""data"":""sellysubagyo.408+fallujah.my.id"",""warnings"":null}"
accounts_99.csv,fallujah.my.id,sellysusanto.135,SUCCESS,Email created successfully,"{""errors"":null,""data"":""sellysusanto.135+fallujah.my.id"",""warnings"":null,""messages"":[""""],""status"":1,""metadata"":{}}"
accounts_99.csv,fallujah.my.id,sellytanjung.815,FAILED,The account sellytanjung.815@fallujah.my.id already exists!,"{""data"":null,""errors"":[""The account sellytanjung.815@fallujah.my.id already exists!""],""warnings"":null,""status"":0,""messages"":null,""metadata"":{}}"
accounts_99.csv,fallujah.my.id,sellywicaksono.996,FAILED,The account sellywicaksono.996@fallujah.my.id already exists!,"{""metadata"":{},""status"":0,""messages"":null,""warnings"":null,""data"":null,""errors"":[""The account sellywicaksono.996@fallujah.my.id already exists!""]}"
accounts_99.csv,fallujah.my.id,sellywijaya.420,FAILED,The account sellywijaya.420@fallujah.my.id already exists!,"{""data"":null,""errors"":[""The account sellywijaya.420@fallujah.my.id already exists!""],""warnings"":null,""status"":0,""messages"":null,""metadata"":{}}"
accounts_99.csv,fallujah.my.id,sitifirmansyah.471,FAILED,The account sitifirmansyah.471@fallujah.my.id already exists!,"{""errors"":[""The account sitifirmansyah.471@fallujah.my.id already exists!""],""data"":null,""warnings"":null,""messages"":null,""status"":0,""metadata"":{}}"
accounts_99.csv,fallujah.my.id,sitihandayani.924,SUCCESS,Email created successfully,"{""metadata"":{},""messages"":[""""],""status"":1,""warnings"":null,""errors"":null,""data"":""sitihandayani.924+fallujah.my.id""}"
accounts_99.csv,fallujah.my.id,sitimardiana.764,FAILED,The account sitimardiana.764@fallujah.my.id already exists!,"{""data"":null,""errors"":[""The account sitimardiana.764@fallujah.my.id already exists!""],""warnings"":null,""status"":0,""messages"":null,""metadata"":{}}"
accounts_99.csv,fallujah.my.id,sitinasution.940,FAILED,The account sitinasution.940@fallujah.my.id already exists!,"{""warnings"":null,""data"":null,""errors"":[""The account sitinasution.940@fallujah.my.id already exists!""],""metadata"":{},""status"":0,""messages"":null}"
accounts_99.csv,fallujah.my.id,sitinugroho.533,FAILED,The account sitinugroho.533@fallujah.my.id already exists!,"{""warnings"":null,""data"":null,""errors"":[""The account sitinugroho.533@fallujah.my.id already exists!""],""metadata"":{},""status"":0,""messages"":null}"
accounts_99.csv,fallujah.my.id,sitipermana.816,SUCCESS,Email created successfully,"{""status"":1,""messages"":[""""],""metadata"":{},""data"":""sitipermana.816+fallujah.my.id"",""errors"":null,""warnings"":null}"
accounts_99.csv,fallujah.my.id,sitiprasetyo.730,SUCCESS,Email created successfully,"{""warnings"":null,""data"":""sitiprasetyo.730+fallujah.my.id"",""errors"":null,""metadata"":{},""status"":1,""messages"":[""""]}"
accounts_99.csv,fallujah.my.id,sitisaputra.615,SUCCESS,Email created successfully,"{""metadata"":{},""status"":1,""messages"":[""""],""warnings"":null,""data"":""sitisaputra.615+fallujah.my.id"",""errors"":null}"
accounts_99.csv,fallujah.my.id,sitisetiawan.546,SUCCESS,Email created successfully,"{""warnings"":null,""errors"":null,""data"":""sitisetiawan.546+fallujah.my.id"",""metadata"":{},""messages"":[""""],""status"":1}"
accounts_99.csv,fallujah.my.id,sitisiahaan.774,SUCCESS,Email created successfully,"{""errors"":null,""data"":""sitisiahaan.774+fallujah.my.id"",""warnings"":null,""messages"":[""""],""status"":1,""metadata"":{}}"
accounts_99.csv,fallujah.my.id,sitisihombing.366,FAILED,The account sitisihombing.366@fallujah.my.id already exists!,"{""messages"":null,""status"":0,""metadata"":{},""errors"":[""The account sitisihombing.366@fallujah.my.id already exists!""],""data"":null,""warnings"":null}"
accounts_99.csv,fallujah.my.id,sitisimanjuntak.209,SUCCESS,Email created successfully,"{""errors"":null,""data"":""sitisimanjuntak.209+fallujah.my.id"",""warnings"":null,""messages"":[""""],""status"":1,""metadata"":{}}"
accounts_99.csv,fallujah.my.id,sitisimanjuntak.894,FAILED,The account sitisimanjuntak.894@fallujah.my.id already exists!,"{""metadata"":{},""status"":0,""messages"":null,""warnings"":null,""data"":null,""errors"":[""The account sitisimanjuntak.894@fallujah.my.id already exists!""]}"
accounts_99.csv,fallujah.my.id,sitisuryani.336,FAILED,The account sitisuryani.336@fallujah.my.id already exists!,"{""messages"":null,""status"":0,""metadata"":{},""errors"":[""The account sitisuryani.336@fallujah.my.id already exists!""],""data"":null,""warnings"":null}"
accounts_99.csv,fallujah.my.id,sitisyahputra.212,FAILED,The account sitisyahputra.212@fallujah.my.id already exists!,"{""warnings"":null,""data"":null,""errors"":[""The account sitisyahputra.212@fallujah.my.id already exists!""],""metadata"":{},""status"":0,""messages"":null}"
accounts_99.csv,fallujah.my.id,sitiwicaksono.634,SUCCESS,Email created successfully,"{""status"":1,""messages"":[""""],""metadata"":{},""data"":""sitiwicaksono.634+fallujah.my.id"",""errors"":null,""warnings"":null}"
accounts_99.csv,fallujah.my.id,sitiyulianti.901,SUCCESS,Email created successfully,"{""data"":""sitiyulianti.901+fallujah.my.id"",""errors"":null,""warnings"":null,""status"":1,""messages"":[""""],""metadata"":{}}"
accounts_99.csv,fallujah.my.id,srihandayani.441,FAILED,The account srihandayani.441@fallujah.my.id already exists!,"{""status"":0,""messages"":null,""metadata"":{},""data"":null,""errors"":[""The account srihandayani.441@fallujah.my.id already exists!""],""warnings"":null}"
accounts_99.csv,fallujah.my.id,srikusuma.219,FAILED,The account srikusuma.219@fallujah.my.id already exists!,"{""messages"":null,""status"":0,""metadata"":{},""errors"":[""The account srikusuma.219@fallujah.my.id already exists!""],""data"":null,""warnings"":null}"
accounts_99.csv,fallujah.my.id,srimaulana.717,SUCCESS,Email created successfully,"{""warnings"":null,""data"":""srimaulana.717+fallujah.my.id"",""errors"":null,""metadata"":{},""status"":1,""messages"":[""""]}"
accounts_99.csv,fallujah.my.id,srinasution.754,FAILED,The account srinasution.754@fallujah.my.id already exists!,"{""warnings"":null,""errors"":[""The account srinasution.754@fallujah.my.id already exists!""],""data"":null,""metadata"":{},""messages"":null,""status"":0}"
accounts_99.csv,fallujah.my.id,sripanjaitan.201,SUCCESS,Email created successfully,"{""warnings"":null,""data"":""sripanjaitan.201+fallujah.my.id"",""errors"":null,""metadata"":{},""status"":1,""messages"":[""""]}"
accounts_99.csv,fallujah.my.id,sriprasetyo.744,FAILED,The account sriprasetyo.744@fallujah.my.id already exists!,"{""status"":0,""messages"":null,""metadata"":{},""data"":null,""errors"":[""The account sriprasetyo.744@fallujah.my.id already exists!""],""warnings"":null}"
accounts_99.csv,fallujah.my.id,srisafitri.824,FAILED,The account srisafitri.824@fallujah.my.id already exists!,"{""status"":0,""messages"":null,""metadata"":{},""data"":null,""errors"":[""The account srisafitri.824@fallujah.my.id already exists!""],""warnings"":null}"
accounts_99.csv,fallujah.my.id,srisitumorang.121,FAILED,The account srisitumorang.121@fallujah.my.id already exists!,"{""errors"":[""The account srisitumorang.121@fallujah.my.id already exists!""],""data"":null,""warnings"":null,""messages"":null,""status"":0,""metadata"":{}}"
accounts_99.csv,fallujah.my.id,sriwicaksono.847,SUCCESS,Email created successfully,"{""errors"":null,""data"":""sriwicaksono.847+fallujah.my.id"",""warnings"":null,""messages"":[""""],""status"":1,""metadata"":{}}"
accounts_99.csv,fallujah.my.id,stevenanggraini.367,FAILED,The account stevenanggraini.367@fallujah.my.id already exists!,"{""metadata"":{},""messages"":null,""status"":0,""warnings"":null,""errors"":[""The account stevenanggraini.367@fallujah.my.id already exists!""],""data"":null}"
accounts_99.csv,fallujah.my.id,stevengunawan.527,FAILED,The account stevengunawan.527@fallujah.my.id already exists!,"{""warnings"":null,""errors"":[""The account stevengunawan.527@fallujah.my.id already exists!""],""data"":null,""metadata"":{},""messages"":null,""status"":0}"
accounts_99.csv,fallujah.my.id,stevengunawan.735,FAILED,The account stevengunawan.735@fallujah.my.id already exists!,"{""warnings"":null,""data"":null,""errors"":[""The account stevengunawan.735@fallujah.my.id already exists!""],""metadata"":{},""status"":0,""messages"":null}"
accounts_99.csv,fallujah.my.id,stevenhakim.440,FAILED,The account stevenhakim.440@fallujah.my.id already exists!,"{""messages"":null,""status"":0,""metadata"":{},""errors"":[""The account stevenhakim.440@fallujah.my.id already exists!""],""data"":null,""warnings"":null}"
accounts_99.csv,fallujah.my.id,stevenhartono.428,SUCCESS,Email created successfully,"{""errors"":null,""data"":""stevenhartono.428+fallujah.my.id"",""warnings"":null,""messages"":[""""],""status"":1,""metadata"":{}}"
accounts_99.csv,fallujah.my.id,stevenpurnomo.466,SUCCESS,Email created successfully,"{""status"":1,""messages"":[""""],""metadata"":{},""data"":""stevenpurnomo.466+fallujah.my.id"",""errors"":null,""warnings"":null}"
accounts_99.csv,fallujah.my.id,stevenrahayu.119,FAILED,The account stevenrahayu.119@fallujah.my.id already exists!,"{""metadata"":{},""messages"":null,""status"":0,""warnings"":null,""errors"":[""The account stevenrahayu.119@fallujah.my.id already exists!""],""data"":null}"
accounts_99.csv,fallujah.my.id,stevensaputra.999,FAILED,The account stevensaputra.999@fallujah.my.id already exists!,"{""messages"":null,""status"":0,""metadata"":{},""errors"":[""The account stevensaputra.999@fallujah.my.id already exists!""],""data"":null,""warnings"":null}"
accounts_99.csv,fallujah.my.id,stevensihombing.354,FAILED,The account stevensihombing.354@fallujah.my.id already exists!,"{""warnings"":null,""errors"":[""The account stevensihombing.354@fallujah.my.id already exists!""],""data"":null,""metadata"":{},""messages"":null,""status"":0}"
accounts_99.csv,fallujah.my.id,stevensiregar.102,SUCCESS,Email created successfully,"{""warnings"":null,""errors"":null,""data"":""stevensiregar.102+fallujah.my.id"",""metadata"":{},""messages"":[""""],""status"":1}"
accounts_99.csv,fallujah.my.id,stevensuryani.665,ERROR,fetch failed: read ECONNRESET (ECONNRESET),
accounts_99.csv,fallujah.my.id,stevensusanto.940,FAILED,The account stevensusanto.940@fallujah.my.id already exists!,"{""data"":null,""errors"":[""The account stevensusanto.940@fallujah.my.id already exists!""],""warnings"":null,""status"":0,""messages"":null,""metadata"":{}}"
accounts_99.csv,fallujah.my.id,stevenwijaya.619,FAILED,The account stevenwijaya.619@fallujah.my.id already exists!,"{""errors"":[""The account stevenwijaya.619@fallujah.my.id already exists!""],""data"":null,""warnings"":null,""messages"":null,""status"":0,""metadata"":{}}"
accounts_99.csv,fallujah.my.id,stevenyulianti.357,FAILED,The account stevenyulianti.357@fallujah.my.id already exists!,"{""metadata"":{},""messages"":null,""status"":0,""warnings"":null,""errors"":[""The account stevenyulianti.357@fallujah.my.id already exists!""],""data"":null}"
accounts_99.csv,fallujah.my.id,tarianggraini.589,SUCCESS,Email created successfully,"{""metadata"":{},""messages"":[""""],""status"":1,""warnings"":null,""errors"":null,""data"":""tarianggraini.589+fallujah.my.id""}"
accounts_99.csv,fallujah.my.id,tarihakim.169,SUCCESS,Email created successfully,"{""warnings"":null,""data"":""tarihakim.169+fallujah.my.id"",""errors"":null,""metadata"":{},""status"":1,""messages"":[""""]}"
accounts_99.csv,fallujah.my.id,tariiskandar.814,SUCCESS,Email created successfully,"{""metadata"":{},""messages"":[""""],""status"":1,""warnings"":null,""errors"":null,""data"":""tariiskandar.814+fallujah.my.id""}"
accounts_99.csv,fallujah.my.id,tarilubis.119,SUCCESS,Email created successfully,"{""warnings"":null,""data"":""tarilubis.119+fallujah.my.id"",""errors"":null,""metadata"":{},""status"":1,""messages"":[""""]}"
accounts_99.csv,fallujah.my.id,tarilubis.917,SUCCESS,Email created successfully,"{""warnings"":null,""errors"":null,""data"":""tarilubis.917+fallujah.my.id"",""metadata"":{},""messages"":[""""],""status"":1}"
accounts_99.csv,fallujah.my.id,tarimahendra.417,SUCCESS,Email created successfully,"{""errors"":null,""data"":""tarimahendra.417+fallujah.my.id"",""warnings"":null,""messages"":[""""],""status"":1,""metadata"":{}}"
accounts_99.csv,fallujah.my.id,tarinasution.830,FAILED,The account tarinasution.830@fallujah.my.id already exists!,"{""metadata"":{},""messages"":null,""status"":0,""warnings"":null,""errors"":[""The account tarinasution.830@fallujah.my.id already exists!""],""data"":null}"
accounts_99.csv,fallujah.my.id,tarinugroho.753,SUCCESS,Email created successfully,"{""status"":1,""messages"":[""""],""metadata"":{},""data"":""tarinugroho.753+fallujah.my.id"",""errors"":null,""warnings"":null}"
accounts_99.csv,fallujah.my.id,taripermana.475,SUCCESS,Email created successfully,"{""warnings"":null,""data"":""taripermana.475+fallujah.my.id"",""errors"":null,""metadata"":{},""status"":1,""messages"":[""""]}"
accounts_99.csv,fallujah.my.id,tariprasetyo.882,FAILED,The account tariprasetyo.882@fallujah.my.id already exists!,"{""metadata"":{},""status"":0,""messages"":null,""warnings"":null,""data"":null,""errors"":[""The account tariprasetyo.882@fallujah.my.id already exists!""]}"
accounts_99.csv,fallujah.my.id,tarirahayu.651,FAILED,The account tarirahayu.651@fallujah.my.id already exists!,"{""errors"":[""The account tarirahayu.651@fallujah.my.id already exists!""],""data"":null,""warnings"":null,""messages"":null,""status"":0,""metadata"":{}}"
accounts_99.csv,fallujah.my.id,tarisetiawan.429,FAILED,The account tarisetiawan.429@fallujah.my.id already exists!,"{""metadata"":{},""status"":0,""messages"":null,""warnings"":null,""data"":null,""errors"":[""The account tarisetiawan.429@fallujah.my.id already exists!""]}"
accounts_99.csv,fallujah.my.id,tarisiahaan.434,FAILED,The account tarisiahaan.434@fallujah.my.id already exists!,"{""metadata"":{},""messages"":null,""status"":0,""warnings"":null,""errors"":[""The account tarisiahaan.434@fallujah.my.id already exists!""],""data"":null}"
accounts_99.csv,fallujah.my.id,tarisyahputra.146,FAILED,The account tarisyahputra.146@fallujah.my.id already exists!,"{""warnings"":null,""data"":null,""errors"":[""The account tarisyahputra.146@fallujah.my.id already exists!""],""metadata"":{},""status"":0,""messages"":null}"
accounts_99.csv,fallujah.my.id,taritanjung.382,SUCCESS,Email created successfully,"{""metadata"":{},""messages"":[""""],""status"":1,""warnings"":null,""errors"":null,""data"":""taritanjung.382+fallujah.my.id""}"
accounts_99.csv,fallujah.my.id,tariwijaya.749,FAILED,The account tariwijaya.749@fallujah.my.id already exists!,"{""metadata"":{},""status"":0,""messages"":null,""warnings"":null,""data"":null,""errors"":[""The account tariwijaya.749@fallujah.my.id already exists!""]}"
accounts_99.csv,fallujah.my.id,tutihalim.525,FAILED,The account tutihalim.525@fallujah.my.id already exists!,"{""warnings"":null,""errors"":[""The account tutihalim.525@fallujah.my.id already exists!""],""data"":null,""metadata"":{},""messages"":null,""status"":0}"
accounts_99.csv,fallujah.my.id,tutihidayat.197,FAILED,The account tutihidayat.197@fallujah.my.id already exists!,"{""errors"":[""The account tutihidayat.197@fallujah.my.id already exists!""],""data"":null,""warnings"":null,""messages"":null,""status"":0,""metadata"":{}}"
accounts_99.csv,fallujah.my.id,tutilubis.840,FAILED,The account tutilubis.840@fallujah.my.id already exists!,"{""warnings"":null,""data"":null,""errors"":[""The account tutilubis.840@fallujah.my.id already exists!""],""metadata"":{},""status"":0,""messages"":null}"
accounts_99.csv,fallujah.my.id,tutinasution.347,FAILED,The account tutinasution.347@fallujah.my.id already exists!,"{""messages"":null,""status"":0,""metadata"":{},""errors"":[""The account tutinasution.347@fallujah.my.id already exists!""],""data"":null,""warnings"":null}"
accounts_99.csv,fallujah.my.id,tutinasution.862,SUCCESS,Email created successfully,"{""metadata"":{},""status"":1,""messages"":[""""],""warnings"":null,""data"":""tutinasution.862+fallujah.my.id"",""errors"":null}"
accounts_99.csv,fallujah.my.id,tutipuspita.933,FAILED,The account tutipuspita.933@fallujah.my.id already exists!,"{""warnings"":null,""errors"":[""The account tutipuspita.933@fallujah.my.id already exists!""],""data"":null,""metadata"":{},""messages"":null,""status"":0}"
accounts_99.csv,fallujah.my.id,tutisafitri.658,FAILED,The account tutisafitri.658@fallujah.my.id already exists!,"{""messages"":null,""status"":0,""metadata"":{},""errors"":[""The account tutisafitri.658@fallujah.my.id already exists!""],""data"":null,""warnings"":null}"
accounts_99.csv,fallujah.my.id,tutisimanjuntak.419,FAILED,The account tutisimanjuntak.419@fallujah.my.id already exists!,"{""messages"":null,""status"":0,""metadata"":{},""errors"":[""The account tutisimanjuntak.419@fallujah.my.id already exists!""],""data"":null,""warnings"":null}"
accounts_99.csv,fallujah.my.id,tutisiregar.365,SUCCESS,Email created successfully,"{""warnings"":null,""errors"":null,""data"":""tutisiregar.365+fallujah.my.id"",""metadata"":{},""messages"":[""""],""status"":1}"
accounts_99.csv,fallujah.my.id,tutisubagyo.944,FAILED,The account tutisubagyo.944@fallujah.my.id already exists!,"{""errors"":[""The account tutisubagyo.944@fallujah.my.id already exists!""],""data"":null,""warnings"":null,""messages"":null,""status"":0,""metadata"":{}}"
accounts_99.csv,fallujah.my.id,tutisusanto.461,FAILED,The account tutisusanto.461@fallujah.my.id already exists!,"{""metadata"":{},""messages"":null,""status"":0,""warnings"":null,""errors"":[""The account tutisusanto.461@fallujah.my.id already exists!""],""data"":null}"
accounts_99.csv,fallujah.my.id,tutitanjung.333,SUCCESS,Email created successfully,"{""status"":1,""messages"":[""""],""metadata"":{},""data"":""tutitanjung.333+fallujah.my.id"",""errors"":null,""warnings"":null}"
accounts_99.csv,fallujah.my.id,vinaginting.775,FAILED,The account vinaginting.775@fallujah.my.id already exists!,"{""status"":0,""messages"":null,""metadata"":{},""data"":null,""errors"":[""The account vinaginting.775@fallujah.my.id already exists!""],""warnings"":null}"
accounts_99.csv,fallujah.my.id,vinagunawan.242,FAILED,The account vinagunawan.242@fallujah.my.id already exists!,"{""errors"":[""The account vinagunawan.242@fallujah.my.id already exists!""],""data"":null,""warnings"":null,""messages"":null,""status"":0,""metadata"":{}}"
accounts_99.csv,fallujah.my.id,vinahakim.527,FAILED,The account vinahakim.527@fallujah.my.id already exists!,"{""errors"":[""The account vinahakim.527@fallujah.my.id already exists!""],""data"":null,""warnings"":null,""messages"":null,""status"":0,""metadata"":{}}"
accounts_99.csv,fallujah.my.id,vinahalim.610,FAILED,The account vinahalim.610@fallujah.my.id already exists!,"{""messages"":null,""status"":0,""metadata"":{},""errors"":[""The account vinahalim.610@fallujah.my.id already exists!""],""data"":null,""warnings"":null}"
accounts_99.csv,fallujah.my.id,vinaharahap.278,FAILED,The account vinaharahap.278@fallujah.my.id already exists!,"{""errors"":[""The account vinaharahap.278@fallujah.my.id already exists!""],""data"":null,""warnings"":null,""messages"":null,""status"":0,""metadata"":{}}"
accounts_99.csv,fallujah.my.id,vinaharahap.355,FAILED,The account vinaharahap.355@fallujah.my.id already exists!,"{""data"":null,""errors"":[""The account vinaharahap.355@fallujah.my.id already exists!""],""warnings"":null,""status"":0,""messages"":null,""metadata"":{}}"
accounts_99.csv,fallujah.my.id,vinahartono.179,SUCCESS,Email created successfully,"{""messages"":[""""],""status"":1,""metadata"":{},""errors"":null,""data"":""vinahartono.179+fallujah.my.id"",""warnings"":null}"
accounts_99.csv,fallujah.my.id,vinamaulana.505,FAILED,The account vinamaulana.505@fallujah.my.id already exists!,"{""metadata"":{},""messages"":null,""status"":0,""warnings"":null,""errors"":[""The account vinamaulana.505@fallujah.my.id already exists!""],""data"":null}"
accounts_99.csv,fallujah.my.id,vinanasution.463,SUCCESS,Email created successfully,"{""messages"":[""""],""status"":1,""metadata"":{},""errors"":null,""data"":""vinanasution.463+fallujah.my.id"",""warnings"":null}"
accounts_99.csv,fallujah.my.id,vinanasution.615,FAILED,The account vinanasution.615@fallujah.my.id already exists!,"{""errors"":[""The account vinanasution.615@fallujah.my.id already exists!""],""data"":null,""warnings"":null,""messages"":null,""status"":0,""metadata"":{}}"
accounts_99.csv,fallujah.my.id,vinanasution.877,FAILED,The account vinanasution.877@fallujah.my.id already exists!,"{""errors"":[""The account vinanasution.877@fallujah.my.id already exists!""],""data"":null,""warnings"":null,""messages"":null,""status"":0,""metadata"":{}}"
accounts_99.csv,fallujah.my.id,vinaprasetyo.312,SUCCESS,Email created successfully,"{""status"":1,""messages"":[""""],""metadata"":{},""data"":""vinaprasetyo.312+fallujah.my.id"",""errors"":null,""warnings"":null}"
accounts_99.csv,fallujah.my.id,vinarahayu.425,SUCCESS,Email created successfully,"{""warnings"":null,""data"":""vinarahayu.425+fallujah.my.id"",""errors"":null,""metadata"":{},""status"":1,""messages"":[""""]}"
accounts_99.csv,fallujah.my.id,vinasafitri.387,SUCCESS,Email created successfully,"{""metadata"":{},""messages"":[""""],""status"":1,""warnings"":null,""errors"":null,""data"":""vinasafitri.387+fallujah.my.id""}"
accounts_99.csv,fallujah.my.id,vinasiahaan.296,FAILED,The account vinasiahaan.296@fallujah.my.id already exists!,"{""messages"":null,""status"":0,""metadata"":{},""errors"":[""The account vinasiahaan.296@fallujah.my.id already exists!""],""data"":null,""warnings"":null}"
accounts_99.csv,fallujah.my.id,vinasusanto.759,FAILED,The account vinasusanto.759@fallujah.my.id already exists!,"{""metadata"":{},""status"":0,""messages"":null,""warnings"":null,""data"":null,""errors"":[""The account vinasusanto.759@fallujah.my.id already exists!""]}"
accounts_99.csv,fallujah.my.id,vinatanjung.664,SUCCESS,Email created successfully,"{""errors"":null,""data"":""vinatanjung.664+fallujah.my.id"",""warnings"":null,""messages"":[""""],""status"":1,""metadata"":{}}"
accounts_99.csv,fallujah.my.id,vinautami.377,FAILED,The account vinautami.377@fallujah.my.id already exists!,"{""metadata"":{},""messages"":null,""status"":0,""warnings"":null,""errors"":[""The account vinautami.377@fallujah.my.id already exists!""],""data"":null}"
accounts_99.csv,fallujah.my.id,vinautami.420,FAILED,The account vinautami.420@fallujah.my.id already exists!,"{""warnings"":null,""errors"":[""The account vinautami.420@fallujah.my.id already exists!""],""data"":null,""metadata"":{},""messages"":null,""status"":0}"
accounts_99.csv,fallujah.my.id,vinawibowo.466,FAILED,The account vinawibowo.466@fallujah.my.id already exists!,"{""metadata"":{},""messages"":null,""status"":0,""warnings"":null,""errors"":[""The account vinawibowo.466@fallujah.my.id already exists!""],""data"":null}"
accounts_99.csv,fallujah.my.id,wahyuanggraini.926,FAILED,The account wahyuanggraini.926@fallujah.my.id already exists!,"{""status"":0,""messages"":null,""metadata"":{},""data"":null,""errors"":[""The account wahyuanggraini.926@fallujah.my.id already exists!""],""warnings"":null}"
accounts_99.csv,fallujah.my.id,wahyufirmansyah.434,FAILED,The account wahyufirmansyah.434@fallujah.my.id already exists!,"{""status"":0,""messages"":null,""metadata"":{},""data"":null,""errors"":[""The account wahyufirmansyah.434@fallujah.my.id already exists!""],""warnings"":null}"
accounts_99.csv,fallujah.my.id,wahyuginting.399,FAILED,The account wahyuginting.399@fallujah.my.id already exists!,"{""data"":null,""errors"":[""The account wahyuginting.399@fallujah.my.id already exists!""],""warnings"":null,""status"":0,""messages"":null,""metadata"":{}}"
accounts_99.csv,fallujah.my.id,wahyuhalim.510,SUCCESS,Email created successfully,"{""errors"":null,""data"":""wahyuhalim.510+fallujah.my.id"",""warnings"":null,""messages"":[""""],""status"":1,""metadata"":{}}"
accounts_99.csv,fallujah.my.id,wahyunugroho.413,FAILED,The account wahyunugroho.413@fallujah.my.id already exists!,"{""messages"":null,""status"":0,""metadata"":{},""errors"":[""The account wahyunugroho.413@fallujah.my.id already exists!""],""data"":null,""warnings"":null}"
accounts_99.csv,fallujah.my.id,wahyupratama.215,SUCCESS,Email created successfully,"{""warnings"":null,""data"":""wahyupratama.215+fallujah.my.id"",""errors"":null,""metadata"":{},""status"":1,""messages"":[""""]}"
accounts_99.csv,fallujah.my.id,wahyupuspita.491,SUCCESS,Email created successfully,"{""metadata"":{},""status"":1,""messages"":[""""],""warnings"":null,""data"":""wahyupuspita.491+fallujah.my.id"",""errors"":null}"
accounts_99.csv,fallujah.my.id,wahyusantoso.848,SUCCESS,Email created successfully,"{""messages"":[""""],""status"":1,""metadata"":{},""errors"":null,""data"":""wahyusantoso.848+fallujah.my.id"",""warnings"":null}"
accounts_99.csv,fallujah.my.id,wahyusiahaan.266,FAILED,The account wahyusiahaan.266@fallujah.my.id already exists!,"{""warnings"":null,""data"":null,""errors"":[""The account wahyusiahaan.266@fallujah.my.id already exists!""],""metadata"":{},""status"":0,""messages"":null}"
accounts_99.csv,fallujah.my.id,wahyusihombing.436,FAILED,The account wahyusihombing.436@fallujah.my.id already exists!,"{""status"":0,""messages"":null,""metadata"":{},""data"":null,""errors"":[""The account wahyusihombing.436@fallujah.my.id already exists!""],""warnings"":null}"
accounts_99.csv,fallujah.my.id,wahyusiregar.319,FAILED,The account wahyusiregar.319@fallujah.my.id already exists!,"{""warnings"":null,""data"":null,""errors"":[""The account wahyusiregar.319@fallujah.my.id already exists!""],""metadata"":{},""status"":0,""messages"":null}"
accounts_99.csv,fallujah.my.id,wahyuwijaya.632,SUCCESS,Email created successfully,"{""metadata"":{},""messages"":[""""],""status"":1,""warnings"":null,""errors"":null,""data"":""wahyuwijaya.632+fallujah.my.id""}"
accounts_99.csv,fallujah.my.id,wulananggraini.537,SUCCESS,Email created successfully,"{""metadata"":{},""status"":1,""messages"":[""""],""warnings"":null,""data"":""wulananggraini.537+fallujah.my.id"",""errors"":null}"
accounts_99.csv,fallujah.my.id,wulanhidayat.659,SUCCESS,Email created successfully,"{""data"":""wulanhidayat.659+fallujah.my.id"",""errors"":null,""warnings"":null,""status"":1,""messages"":[""""],""metadata"":{}}"
accounts_99.csv,fallujah.my.id,wulanhutapea.960,FAILED,The account wulanhutapea.960@fallujah.my.id already exists!,"{""data"":null,""errors"":[""The account wulanhutapea.960@fallujah.my.id already exists!""],""warnings"":null,""status"":0,""messages"":null,""metadata"":{}}"
accounts_99.csv,fallujah.my.id,wulankurniawan.790,SUCCESS,Email created successfully,"{""metadata"":{},""status"":1,""messages"":[""""],""warnings"":null,""data"":""wulankurniawan.790+fallujah.my.id"",""errors"":null}"
accounts_99.csv,fallujah.my.id,wulankusuma.418,FAILED,The account wulankusuma.418@fallujah.my.id already exists!,"{""status"":0,""messages"":null,""metadata"":{},""data"":null,""errors"":[""The account wulankusuma.418@fallujah.my.id already exists!""],""warnings"":null}"
accounts_99.csv,fallujah.my.id,wulanlubis.125,FAILED,The account wulanlubis.125@fallujah.my.id already exists!,"{""errors"":[""The account wulanlubis.125@fallujah.my.id already exists!""],""data"":null,""warnings"":null,""messages"":null,""status"":0,""metadata"":{}}"
accounts_99.csv,fallujah.my.id,wulannugroho.839,FAILED,The account wulannugroho.839@fallujah.my.id already exists!,"{""data"":null,""errors"":[""The account wulannugroho.839@fallujah.my.id already exists!""],""warnings"":null,""status"":0,""messages"":null,""metadata"":{}}"
accounts_99.csv,fallujah.my.id,wulannugroho.983,FAILED,The account wulannugroho.983@fallujah.my.id already exists!,"{""warnings"":null,""errors"":[""The account wulannugroho.983@fallujah.my.id already exists!""],""data"":null,""metadata"":{},""messages"":null,""status"":0}"
accounts_99.csv,fallujah.my.id,wulanpermana.623,FAILED,The account wulanpermana.623@fallujah.my.id already exists!,"{""warnings"":null,""errors"":[""The account wulanpermana.623@fallujah.my.id already exists!""],""data"":null,""metadata"":{},""messages"":null,""status"":0}"
accounts_99.csv,fallujah.my.id,wulanpratama.389,SUCCESS,Email created successfully,"{""errors"":null,""data"":""wulanpratama.389+fallujah.my.id"",""warnings"":null,""messages"":[""""],""status"":1,""metadata"":{}}"
accounts_99.csv,fallujah.my.id,wulanpurnomo.414,FAILED,The account wulanpurnomo.414@fallujah.my.id already exists!,"{""messages"":null,""status"":0,""metadata"":{},""errors"":[""The account wulanpurnomo.414@fallujah.my.id already exists!""],""data"":null,""warnings"":null}"
accounts_99.csv,fallujah.my.id,wulanpurnomo.889,FAILED,The account wulanpurnomo.889@fallujah.my.id already exists!,"{""warnings"":null,""errors"":[""The account wulanpurnomo.889@fallujah.my.id already exists!""],""data"":null,""metadata"":{},""messages"":null,""status"":0}"
accounts_99.csv,fallujah.my.id,wulanrahayu.161,FAILED,The account wulanrahayu.161@fallujah.my.id already exists!,"{""warnings"":null,""data"":null,""errors"":[""The account wulanrahayu.161@fallujah.my.id already exists!""],""metadata"":{},""status"":0,""messages"":null}"
accounts_99.csv,fallujah.my.id,wulansafitri.632,FAILED,The account wulansafitri.632@fallujah.my.id already exists!,"{""metadata"":{},""status"":0,""messages"":null,""warnings"":null,""data"":null,""errors"":[""The account wulansafitri.632@fallujah.my.id already exists!""]}"
accounts_99.csv,fallujah.my.id,wulansihombing.976,FAILED,The account wulansihombing.976@fallujah.my.id already exists!,"{""errors"":[""The account wulansihombing.976@fallujah.my.id already exists!""],""data"":null,""warnings"":null,""messages"":null,""status"":0,""metadata"":{}}"
accounts_99.csv,fallujah.my.id,wulansubagyo.248,FAILED,The account wulansubagyo.248@fallujah.my.id already exists!,"{""status"":0,""messages"":null,""metadata"":{},""data"":null,""errors"":[""The account wulansubagyo.248@fallujah.my.id already exists!""],""warnings"":null}"
accounts_99.csv,fallujah.my.id,wulanwibowo.229,FAILED,The account wulanwibowo.229@fallujah.my.id already exists!,"{""messages"":null,""status"":0,""metadata"":{},""errors"":[""The account wulanwibowo.229@fallujah.my.id already exists!""],""data"":null,""warnings"":null}"
accounts_99.csv,fallujah.my.id,yantofirmansyah.999,FAILED,The account yantofirmansyah.999@fallujah.my.id already exists!,"{""status"":0,""messages"":null,""metadata"":{},""data"":null,""errors"":[""The account yantofirmansyah.999@fallujah.my.id already exists!""],""warnings"":null}"
accounts_99.csv,fallujah.my.id,yantoginting.642,FAILED,The account yantoginting.642@fallujah.my.id already exists!,"{""metadata"":{},""messages"":null,""status"":0,""warnings"":null,""errors"":[""The account yantoginting.642@fallujah.my.id already exists!""],""data"":null}"
accounts_99.csv,fallujah.my.id,yantohartono.757,SUCCESS,Email created successfully,"{""data"":""yantohartono.757+fallujah.my.id"",""errors"":null,""warnings"":null,""status"":1,""messages"":[""""],""metadata"":{}}"
accounts_99.csv,fallujah.my.id,yantokusuma.581,FAILED,The account yantokusuma.581@fallujah.my.id already exists!,"{""metadata"":{},""status"":0,""messages"":null,""warnings"":null,""data"":null,""errors"":[""The account yantokusuma.581@fallujah.my.id already exists!""]}"
accounts_99.csv,fallujah.my.id,yantolubis.546,FAILED,The account yantolubis.546@fallujah.my.id already exists!,"{""data"":null,""errors"":[""The account yantolubis.546@fallujah.my.id already exists!""],""warnings"":null,""status"":0,""messages"":null,""metadata"":{}}"
accounts_99.csv,fallujah.my.id,yantopranata.822,FAILED,The account yantopranata.822@fallujah.my.id already exists!,"{""messages"":null,""status"":0,""metadata"":{},""errors"":[""The account yantopranata.822@fallujah.my.id already exists!""],""data"":null,""warnings"":null}"
accounts_99.csv,fallujah.my.id,yantoprasetyo.453,FAILED,The account yantoprasetyo.453@fallujah.my.id already exists!,"{""metadata"":{},""status"":0,""messages"":null,""warnings"":null,""data"":null,""errors"":[""The account yantoprasetyo.453@fallujah.my.id already exists!""]}"
accounts_99.csv,fallujah.my.id,yantopurnomo.912,FAILED,The account yantopurnomo.912@fallujah.my.id already exists!,"{""metadata"":{},""status"":0,""messages"":null,""warnings"":null,""data"":null,""errors"":[""The account yantopurnomo.912@fallujah.my.id already exists!""]}"
accounts_99.csv,fallujah.my.id,yantoramadhan.168,SUCCESS,Email created successfully,"{""messages"":[""""],""status"":1,""metadata"":{},""errors"":null,""data"":""yantoramadhan.168+fallujah.my.id"",""warnings"":null}"
accounts_99.csv,fallujah.my.id,yantosihombing.639,FAILED,The account yantosihombing.639@fallujah.my.id already exists!,"{""metadata"":{},""status"":0,""messages"":null,""warnings"":null,""data"":null,""errors"":[""The account yantosihombing.639@fallujah.my.id already exists!""]}"
accounts_99.csv,fallujah.my.id,yantosubagyo.518,FAILED,The account yantosubagyo.518@fallujah.my.id already exists!,"{""metadata"":{},""status"":0,""messages"":null,""warnings"":null,""data"":null,""errors"":[""The account yantosubagyo.518@fallujah.my.id already exists!""]}"
accounts_99.csv,fallujah.my.id,yantosuryani.712,SUCCESS,Email created successfully,"{""metadata"":{},""messages"":[""""],""status"":1,""warnings"":null,""errors"":null,""data"":""yantosuryani.712+fallujah.my.id""}"
accounts_99.csv,fallujah.my.id,yogaanggraini.811,FAILED,The account yogaanggraini.811@fallujah.my.id already exists!,"{""data"":null,""errors"":[""The account yogaanggraini.811@fallujah.my.id already exists!""],""warnings"":null,""status"":0,""messages"":null,""metadata"":{}}"
accounts_99.csv,fallujah.my.id,yogagunawan.527,FAILED,The account yogagunawan.527@fallujah.my.id already exists!,"{""metadata"":{},""status"":0,""messages"":null,""warnings"":null,""data"":null,""errors"":[""The account yogagunawan.527@fallujah.my.id already exists!""]}"
accounts_99.csv,fallujah.my.id,yogamardiana.834,FAILED,The account yogamardiana.834@fallujah.my.id already exists!,"{""metadata"":{},""status"":0,""messages"":null,""warnings"":null,""data"":null,""errors"":[""The account yogamardiana.834@fallujah.my.id already exists!""]}"
accounts_99.csv,fallujah.my.id,yogapranata.111,SUCCESS,Email created successfully,"{""warnings"":null,""errors"":null,""data"":""yogapranata.111+fallujah.my.id"",""metadata"":{},""messages"":[""""],""status"":1}"
accounts_99.csv,fallujah.my.id,yogapratama.544,FAILED,The account yogapratama.544@fallujah.my.id already exists!,"{""metadata"":{},""messages"":null,""status"":0,""warnings"":null,""errors"":[""The account yogapratama.544@fallujah.my.id already exists!""],""data"":null}"
accounts_99.csv,fallujah.my.id,yogasafitri.624,FAILED,The account yogasafitri.624@fallujah.my.id already exists!,"{""errors"":[""The account yogasafitri.624@fallujah.my.id already exists!""],""data"":null,""warnings"":null,""messages"":null,""status"":0,""metadata"":{}}"
accounts_99.csv,fallujah.my.id,yogasalim.641,FAILED,The account yogasalim.641@fallujah.my.id already exists!,"{""metadata"":{},""messages"":null,""status"":0,""warnings"":null,""errors"":[""The account yogasalim.641@fallujah.my.id already exists!""],""data"":null}"
accounts_99.csv,fallujah.my.id,yogasetiawan.713,FAILED,The account yogasetiawan.713@fallujah.my.id already exists!,"{""messages"":null,""status"":0,""metadata"":{},""errors"":[""The account yogasetiawan.713@fallujah.my.id already exists!""],""data"":null,""warnings"":null}"
accounts_99.csv,fallujah.my.id,yogasuryani.226,FAILED,The account yogasuryani.226@fallujah.my.id already exists!,"{""data"":null,""errors"":[""The account yogasuryani.226@fallujah.my.id already exists!""],""warnings"":null,""status"":0,""messages"":null,""metadata"":{}}"
accounts_99.csv,fallujah.my.id,yogasyahputra.360,FAILED,The account yogasyahputra.360@fallujah.my.id already exists!,"{""metadata"":{},""messages"":null,""status"":0,""warnings"":null,""errors"":[""The account yogasyahputra.360@fallujah.my.id already exists!""],""data"":null}"
accounts_99.csv,fallujah.my.id,yogawijaya.139,FAILED,The account yogawijaya.139@fallujah.my.id already exists!,"{""messages"":null,""status"":0,""metadata"":{},""errors"":[""The account yogawijaya.139@fallujah.my.id already exists!""],""data"":null,""warnings"":null}"
accounts_99.csv,fallujah.my.id,yogayulianti.933,SUCCESS,Email created successfully,"{""data"":""yogayulianti.933+fallujah.my.id"",""errors"":null,""warnings"":null,""status"":1,""messages"":[""""],""metadata"":{}}"
accounts_99.csv,fallujah.my.id,yonducahyani.675,FAILED,The account yonducahyani.675@fallujah.my.id already exists!,"{""metadata"":{},""messages"":null,""status"":0,""warnings"":null,""errors"":[""The account yonducahyani.675@fallujah.my.id already exists!""],""data"":null}"
accounts_99.csv,fallujah.my.id,yonduginting.104,FAILED,The account yonduginting.104@fallujah.my.id already exists!,"{""metadata"":{},""messages"":null,""status"":0,""warnings"":null,""errors"":[""The account yonduginting.104@fallujah.my.id already exists!""],""data"":null}"
accounts_99.csv,fallujah.my.id,yondugunawan.888,SUCCESS,Email created successfully,"{""errors"":null,""data"":""yondugunawan.888+fallujah.my.id"",""warnings"":null,""messages"":[""""],""status"":1,""metadata"":{}}"
accounts_99.csv,fallujah.my.id,yonduhakim.404,SUCCESS,Email created successfully,"{""data"":""yonduhakim.404+fallujah.my.id"",""errors"":null,""warnings"":null,""status"":1,""messages"":[""""],""metadata"":{}}"
accounts_99.csv,fallujah.my.id,yonduharahap.419,SUCCESS,Email created successfully,"{""metadata"":{},""messages"":[""""],""status"":1,""warnings"":null,""errors"":null,""data"":""yonduharahap.419+fallujah.my.id""}"
accounts_99.csv,fallujah.my.id,yondukusuma.773,SUCCESS,Email created successfully,"{""data"":""yondukusuma.773+fallujah.my.id"",""errors"":null,""warnings"":null,""status"":1,""messages"":[""""],""metadata"":{}}"
accounts_99.csv,fallujah.my.id,yondulubis.307,FAILED,The account yondulubis.307@fallujah.my.id already exists!,"{""errors"":[""The account yondulubis.307@fallujah.my.id already exists!""],""data"":null,""warnings"":null,""messages"":null,""status"":0,""metadata"":{}}"
accounts_99.csv,fallujah.my.id,yondumahendra.938,SUCCESS,Email created successfully,"{""warnings"":null,""data"":""yondumahendra.938+fallujah.my.id"",""errors"":null,""metadata"":{},""status"":1,""messages"":[""""]}"
accounts_99.csv,fallujah.my.id,yondunugroho.261,FAILED,The account yondunugroho.261@fallujah.my.id already exists!,"{""errors"":[""The account yondunugroho.261@fallujah.my.id already exists!""],""data"":null,""warnings"":null,""messages"":null,""status"":0,""metadata"":{}}"
accounts_99.csv,fallujah.my.id,yondupanjaitan.177,FAILED,The account yondupanjaitan.177@fallujah.my.id already exists!,"{""metadata"":{},""status"":0,""messages"":null,""warnings"":null,""data"":null,""errors"":[""The account yondupanjaitan.177@fallujah.my.id already exists!""]}"
accounts_99.csv,fallujah.my.id,yondupanjaitan.404,FAILED,The account yondupanjaitan.404@fallujah.my.id already exists!,"{""metadata"":{},""messages"":null,""status"":0,""warnings"":null,""errors"":[""The account yondupanjaitan.404@fallujah.my.id already exists!""],""data"":null}"
accounts_99.csv,fallujah.my.id,yondupratama.106,SUCCESS,Email created successfully,"{""warnings"":null,""data"":""yondupratama.106+fallujah.my.id"",""errors"":null,""metadata"":{},""status"":1,""messages"":[""""]}"
accounts_99.csv,fallujah.my.id,yondurahayu.288,FAILED,The account yondurahayu.288@fallujah.my.id already exists!,"{""warnings"":null,""data"":null,""errors"":[""The account yondurahayu.288@fallujah.my.id already exists!""],""metadata"":{},""status"":0,""messages"":null}"
accounts_99.csv,fallujah.my.id,yondusetiawan.565,FAILED,The account yondusetiawan.565@fallujah.my.id already exists!,"{""status"":0,""messages"":null,""metadata"":{},""data"":null,""errors"":[""The account yondusetiawan.565@fallujah.my.id already exists!""],""warnings"":null}"
accounts_99.csv,fallujah.my.id,yondusiahaan.469,FAILED,The account yondusiahaan.469@fallujah.my.id already exists!,"{""metadata"":{},""messages"":null,""status"":0,""warnings"":null,""errors"":[""The account yondusiahaan.469@fallujah.my.id already exists!""],""data"":null}"
accounts_99.csv,fallujah.my.id,yondusiahaan.875,FAILED,The account yondusiahaan.875@fallujah.my.id already exists!,"{""metadata"":{},""messages"":null,""status"":0,""warnings"":null,""errors"":[""The account yondusiahaan.875@fallujah.my.id already exists!""],""data"":null}"
accounts_99.csv,fallujah.my.id,yondusihombing.205,FAILED,The account yondusihombing.205@fallujah.my.id already exists!,"{""errors"":[""The account yondusihombing.205@fallujah.my.id already exists!""],""data"":null,""warnings"":null,""messages"":null,""status"":0,""metadata"":{}}"
accounts_99.csv,fallujah.my.id,yondusihombing.761,SUCCESS,Email created successfully,"{""metadata"":{},""status"":1,""messages"":[""""],""warnings"":null,""data"":""yondusihombing.761+fallujah.my.id"",""errors"":null}"
accounts_99.csv,fallujah.my.id,yondusihombing.792,SUCCESS,Email created successfully,"{""warnings"":null,""data"":""yondusihombing.792+fallujah.my.id"",""errors"":null,""metadata"":{},""status"":1,""messages"":[""""]}"
accounts_99.csv,fallujah.my.id,yudhaanggraini.444,FAILED,The account yudhaanggraini.444@fallujah.my.id already exists!,"{""data"":null,""errors"":[""The account yudhaanggraini.444@fallujah.my.id already exists!""],""warnings"":null,""status"":0,""messages"":null,""metadata"":{}}"
accounts_99.csv,fallujah.my.id,yudhagunawan.359,SUCCESS,Email created successfully,"{""warnings"":null,""errors"":null,""data"":""yudhagunawan.359+fallujah.my.id"",""metadata"":{},""messages"":[""""],""status"":1}"
accounts_99.csv,fallujah.my.id,yudhaiskandar.527,SUCCESS,Email created successfully,"{""metadata"":{},""messages"":[""""],""status"":1,""warnings"":null,""errors"":null,""data"":""yudhaiskandar.527+fallujah.my.id""}"
accounts_99.csv,fallujah.my.id,yudhakurniawan.901,FAILED,The account yudhakurniawan.901@fallujah.my.id already exists!,"{""errors"":[""The account yudhakurniawan.901@fallujah.my.id already exists!""],""data"":null,""warnings"":null,""messages"":null,""status"":0,""metadata"":{}}"
accounts_99.csv,fallujah.my.id,yudhalubis.603,FAILED,The account yudhalubis.603@fallujah.my.id already exists!,"{""messages"":null,""status"":0,""metadata"":{},""errors"":[""The account yudhalubis.603@fallujah.my.id already exists!""],""data"":null,""warnings"":null}"
accounts_99.csv,fallujah.my.id,yudhamahendra.618,FAILED,The account yudhamahendra.618@fallujah.my.id already exists!,"{""metadata"":{},""messages"":null,""status"":0,""warnings"":null,""errors"":[""The account yudhamahendra.618@fallujah.my.id already exists!""],""data"":null}"
accounts_99.csv,fallujah.my.id,yudhamardiana.502,SUCCESS,Email created successfully,"{""metadata"":{},""status"":1,""messages"":[""""],""warnings"":null,""data"":""yudhamardiana.502+fallujah.my.id"",""errors"":null}"
accounts_99.csv,fallujah.my.id,yudhapanjaitan.743,SUCCESS,Email created successfully,"{""metadata"":{},""messages"":[""""],""status"":1,""warnings"":null,""errors"":null,""data"":""yudhapanjaitan.743+fallujah.my.id""}"
accounts_99.csv,fallujah.my.id,yudhapermana.777,SUCCESS,Email created successfully,"{""messages"":[""""],""status"":1,""metadata"":{},""errors"":null,""data"":""yudhapermana.777+fallujah.my.id"",""warnings"":null}"
accounts_99.csv,fallujah.my.id,yudhapranata.126,FAILED,The account yudhapranata.126@fallujah.my.id already exists!,"{""errors"":[""The account yudhapranata.126@fallujah.my.id already exists!""],""data"":null,""warnings"":null,""messages"":null,""status"":0,""metadata"":{}}"
accounts_99.csv,fallujah.my.id,yudhaprasetyo.316,FAILED,The account yudhaprasetyo.316@fallujah.my.id already exists!,"{""errors"":[""The account yudhaprasetyo.316@fallujah.my.id already exists!""],""data"":null,""warnings"":null,""messages"":null,""status"":0,""metadata"":{}}"
accounts_99.csv,fallujah.my.id,yudhapratama.677,FAILED,The account yudhapratama.677@fallujah.my.id already exists!,"{""messages"":null,""status"":0,""metadata"":{},""errors"":[""The account yudhapratama.677@fallujah.my.id already exists!""],""data"":null,""warnings"":null}"
accounts_99.csv,fallujah.my.id,yudhapurnomo.725,FAILED,The account yudhapurnomo.725@fallujah.my.id already exists!,"{""warnings"":null,""data"":null,""errors"":[""The account yudhapurnomo.725@fallujah.my.id already exists!""],""metadata"":{},""status"":0,""messages"":null}"
accounts_99.csv,fallujah.my.id,yudharahayu.212,FAILED,The account yudharahayu.212@fallujah.my.id already exists!,"{""status"":0,""messages"":null,""metadata"":{},""data"":null,""errors"":[""The account yudharahayu.212@fallujah.my.id already exists!""],""warnings"":null}"
accounts_99.csv,fallujah.my.id,yudhasafitri.325,FAILED,The account yudhasafitri.325@fallujah.my.id already exists!,"{""metadata"":{},""status"":0,""messages"":null,""warnings"":null,""data"":null,""errors"":[""The account yudhasafitri.325@fallujah.my.id already exists!""]}"
accounts_99.csv,fallujah.my.id,yudhasihombing.881,FAILED,The account yudhasihombing.881@fallujah.my.id already exists!,"{""warnings"":null,""errors"":[""The account yudhasihombing.881@fallujah.my.id already exists!""],""data"":null,""metadata"":{},""messages"":null,""status"":0}"
accounts_99.csv,fallujah.my.id,yudhawijaya.161,SUCCESS,Email created successfully,"{""warnings"":null,""errors"":null,""data"":""yudhawijaya.161+fallujah.my.id"",""metadata"":{},""messages"":[""""],""status"":1}"
accounts_99.csv,fallujah.my.id,yunicahyani.181,FAILED,The account yunicahyani.181@fallujah.my.id already exists!,"{""metadata"":{},""status"":0,""messages"":null,""warnings"":null,""data"":null,""errors"":[""The account yunicahyani.181@fallujah.my.id already exists!""]}"
accounts_99.csv,fallujah.my.id,yunihakim.207,FAILED,The account yunihakim.207@fallujah.my.id already exists!,"{""messages"":null,""status"":0,""metadata"":{},""errors"":[""The account yunihakim.207@fallujah.my.id already exists!""],""data"":null,""warnings"":null}"
accounts_99.csv,fallujah.my.id,yunihandayani.378,FAILED,The account yunihandayani.378@fallujah.my.id already exists!,"{""metadata"":{},""status"":0,""messages"":null,""warnings"":null,""data"":null,""errors"":[""The account yunihandayani.378@fallujah.my.id already exists!""]}"
accounts_99.csv,fallujah.my.id,yunihandayani.703,FAILED,The account yunihandayani.703@fallujah.my.id already exists!,"{""metadata"":{},""messages"":null,""status"":0,""warnings"":null,""errors"":[""The account yunihandayani.703@fallujah.my.id already exists!""],""data"":null}"
accounts_99.csv,fallujah.my.id,yunikusuma.964,FAILED,The account yunikusuma.964@fallujah.my.id already exists!,"{""data"":null,""errors"":[""The account yunikusuma.964@fallujah.my.id already exists!""],""warnings"":null,""status"":0,""messages"":null,""metadata"":{}}"
accounts_99.csv,fallujah.my.id,yunimahendra.249,SUCCESS,Email created successfully,"{""data"":""yunimahendra.249+fallujah.my.id"",""errors"":null,""warnings"":null,""status"":1,""messages"":[""""],""metadata"":{}}"
accounts_99.csv,fallujah.my.id,yunimaulana.909,FAILED,The account yunimaulana.909@fallujah.my.id already exists!,"{""metadata"":{},""messages"":null,""status"":0,""warnings"":null,""errors"":[""The account yunimaulana.909@fallujah.my.id already exists!""],""data"":null}"
accounts_99.csv,fallujah.my.id,yunipranata.800,FAILED,The account yunipranata.800@fallujah.my.id already exists!,"{""messages"":null,""status"":0,""metadata"":{},""errors"":[""The account yunipranata.800@fallujah.my.id already exists!""],""data"":null,""warnings"":null}"
accounts_99.csv,fallujah.my.id,yunipurnomo.491,FAILED,The account yunipurnomo.491@fallujah.my.id already exists!,"{""warnings"":null,""errors"":[""The account yunipurnomo.491@fallujah.my.id already exists!""],""data"":null,""metadata"":{},""messages"":null,""status"":0}"
accounts_99.csv,fallujah.my.id,yuniutami.255,FAILED,The account yuniutami.255@fallujah.my.id already exists!,"{""warnings"":null,""data"":null,""errors"":[""The account yuniutami.255@fallujah.my.id already exists!""],""metadata"":{},""status"":0,""messages"":null}"
accounts_99.csv,fallujah.my.id,yuniwijaya.941,SUCCESS,Email created successfully,"{""warnings"":null,""data"":""yuniwijaya.941+fallujah.my.id"",""errors"":null,""metadata"":{},""status"":1,""messages"":[""""]}"
accounts_99.csv,fallujah.my.id,yuniyulianti.948,FAILED,The account yuniyulianti.948@fallujah.my.id already exists!,"{""status"":0,""messages"":null,""metadata"":{},""data"":null,""errors"":[""The account yuniyulianti.948@fallujah.my.id already exists!""],""warnings"":null}"